WDIR,WSPD,GST,WVHT,DPD,APD,MWD,PRES,ATMP,WTMP,DEWP,VIS,PTDY,TIDE
160.0,4.1,4.6,,,,,1026.0,4.7,,2.6,,-0.4,
130.0,3.1,3.6,,,,,1025.6,4.2,,2.3,,-0.3,
180.0,2.6,3.1,,,,,1025.5,4.3,,2.6,,-0.4,
150.0,6.2,6.2,,,,,1024.3,4.8,,3.1,,-1.7,
200.0,4.1,4.1,,,,,1024.0,4.9,,3.2,,-1.6,
170.0,6.2,6.7,,,,,1022.3,5.1,,3.5,,-3.2,
180.0,7.7,8.2,,,,,1021.2,6.0,,4.3,,-3.1,
170.0,7.2,7.7,,,,,1020.9,6.7,,5.0,,-3.1,
170.0,7.7,8.2,,,,,1020.1,7.0,,5.4,,-2.2,
190.0,5.7,5.7,,,,,1019.9,6.2,,4.7,,-1.3,
190.0,7.7,7.7,,,,,1020.1,6.4,,4.8,,-0.8,
190.0,4.6,5.1,,,,,1020.2,6.0,,4.4,,0.0,
180.0,4.1,4.1,,,,,1020.4,6.6,,5.0,,0.5,
200.0,4.6,5.1,,,,,1020.6,8.6,,7.0,,0.5,
170.0,6.7,7.2,,,,,1020.2,8.3,,6.6,,0.0,
190.0,6.2,6.7,,,,,1020.7,9.5,,8.0,,0.3,
190.0,3.6,3.6,,,,,1020.9,8.5,,7.2,,0.3,
240.0,2.1,3.1,,,,,1020.9,12.8,,11.2,,0.7,
170.0,1.0,1.0,,,,,1021.2,10.2,,8.8,,0.5,
30.0,4.6,5.1,,,,,1022.3,,,,,1.4,
30.0,4.1,4.1,,,,,1022.6,15.6,,14.4,,1.7,
20.0,3.6,4.1,,,,,1022.2,14.5,,13.3,,1.0,
30.0,3.1,3.1,,,,,1022.6,13.1,,11.9,,0.3,
50.0,3.6,3.6,,,,,1022.5,14.3,,13.2,,-0.0,
30.0,3.1,3.1,,,,,1023.2,14.3,,13.2,,1.0,
40.0,3.6,3.6,,,,,1022.9,15.8,,14.8,,0.3,
80.0,5.1,5.7,,,,,1022.0,15.7,,14.5,,-0.5,
20.0,6.2,6.2,,,,,1022.1,14.7,,13.4,,-1.1,
360.0,7.7,7.7,,,,,1021.9,10.5,,9.1,,-1.0,
40.0,7.2,7.7,,,,,1019.4,8.2,,7.0,,-2.6,
360.0,4.6,5.1,,,,,1018.1,8.3,,7.2,,-4.0,
30.0,8.2,8.8,,,,,1016.3,8.3,,7.2,,-5.6,
40.0,7.2,7.2,,,,,1016.2,7.7,,6.6,,-3.2,
10.0,6.2,6.2,,,,,1015.1,7.8,,6.8,,-3.0,
30.0,5.7,6.2,,,,,1012.8,8.4,,7.5,,-3.5,
330.0,4.6,4.6,,,,,1012.9,10.0,,9.0,,-3.3,
360.0,4.6,4.6,,,,,1011.9,10.5,,9.5,,-3.2,
350.0,3.1,3.1,,,,,1010.9,10.5,,9.5,,-1.9,
280.0,0.5,1.0,,,,,1010.2,11.0,,10.0,,-2.7,
300.0,5.1,5.7,,,,,1010.5,12.3,,11.3,,-1.4,
300.0,2.6,3.1,,,,,1010.7,8.9,,8.0,,-0.0,
330.0,1.0,1.5,,,,,1010.3,10.7,,9.8,,0.0,
300.0,1.5,2.1,,,,,1010.5,11.1,,10.2,,0.0,
190.0,1.5,1.5,,,,,1010.8,13.3,,12.4,,-0.0,
280.0,0.5,1.0,,,,,1011.7,11.1,,10.2,,1.4,
250.0,0.5,1.0,,,,,1011.6,11.2,,10.3,,1.1,
310.0,2.6,2.6,,,,,1012.1,12.2,,11.1,,1.3,
330.0,5.7,7.2,,,,,1012.7,13.7,,9.8,,1.0,
320.0,4.1,4.6,,,,,1013.4,10.5,,4.7,,1.8,
320.0,4.6,5.1,,,,,1013.6,8.2,,2.1,,1.5,
320.0,7.2,8.8,,,,,1014.9,6.8,,-0.9,,2.2,
300.0,6.2,6.7,,,,,1014.9,6.6,,-1.6,,1.5,
290.0,2.1,2.1,,,,,1013.7,6.5,,-1.7,,0.0,
300.0,9.8,12.9,,,,,1013.2,7.4,,-4.3,,-1.7,
320.0,10.3,12.4,,,,,1012.8,7.8,,-4.8,,-2.1,
280.0,11.3,12.9,,,,,1012.7,8.0,,-5.5,,-1.0,
300.0,12.4,14.9,,,,,1014.3,6.6,,-2.6,,1.1,
300.0,14.4,18.0,,,,,1015.9,5.8,,-4.2,,3.1,
300.0,13.9,15.4,,,,,1018.3,4.7,,-6.2,,5.6,
290.0,13.9,16.0,,,,,1019.4,3.8,,-7.7,,5.1,
290.0,12.9,14.9,,,,,1020.4,3.0,,-7.8,,4.5,
290.0,10.3,11.8,,,,,1021.4,2.7,,-7.4,,3.1,
300.0,11.3,12.9,,,,,1021.7,2.7,,-7.3,,2.3,
300.0,12.4,14.4,,,,,1022.5,2.5,,-6.9,,2.1,
310.0,8.8,9.8,,,,,1023.4,2.4,,-5.4,,2.0,
300.0,7.7,8.8,,,,,1024.3,2.2,,-5.9,,2.6,
300.0,7.7,9.3,,,,,1024.7,2.1,,-5.5,,2.2,
300.0,5.1,5.7,,,,,1024.4,2.0,,-5.4,,1.0,
300.0,5.7,6.7,,,,,1025.3,1.8,,-5.5,,1.0,
290.0,4.6,5.1,,,,,1025.3,1.4,,-5.7,,0.6,
290.0,4.6,5.1,,,,,1025.6,1.3,,-5.7,,1.2,
280.0,5.7,6.7,,,,,1026.4,1.4,,-6.1,,1.1,
250.0,4.6,5.1,,,,,1027.0,1.4,,-6.2,,1.7,
250.0,4.1,4.1,,,,,1027.6,1.8,,-5.8,,2.0,
280.0,7.2,8.2,,,,,1027.7,2.2,,-6.5,,1.3,
270.0,4.6,5.1,,,,,1027.7,2.6,,-6.6,,0.7,
260.0,4.6,5.1,,,,,1027.3,3.3,,-6.2,,-0.3,
230.0,4.1,4.6,,,,,1026.3,4.1,,-5.9,,-1.4,
220.0,3.6,4.1,,,,,1025.2,4.9,,-5.7,,-2.5,
180.0,5.1,6.7,,,,,1024.3,5.1,,-4.3,,-3.0,
230.0,4.1,4.6,,,,,1024.0,6.6,,-6.3,,-2.3,
240.0,5.1,5.7,,,,,1023.7,7.2,,-6.1,,-1.5,
180.0,4.6,4.6,,,,,1023.6,5.5,,-0.7,,-0.7,
200.0,6.2,6.7,,,,,1023.3,6.6,,-3.5,,-0.7,
180.0,7.2,7.7,,,,,1023.2,4.3,,1.2,,-0.5,
170.0,7.2,7.7,,,,,1022.7,4.3,,1.2,,-0.9,
180.0,5.7,6.2,,,,,1022.5,4.4,,1.1,,-0.8,
200.0,5.1,5.7,,,,,1022.3,4.6,,-0.6,,-0.9,
220.0,3.6,4.1,,,,,1022.5,4.8,,-2.8,,0.0,
280.0,3.6,3.6,,,,,1023.0,4.2,,-4.2,,0.5,
270.0,3.1,3.6,,,,,1022.9,3.6,,-4.7,,0.6,
220.0,1.5,2.1,,,,,1022.7,3.5,,-2.4,,0.0,
260.0,1.5,2.1,,,,,1022.4,3.4,,-2.9,,-0.6,
,0.0,0.5,,,,,1022.3,2.6,,-4.6,,-0.6,
300.0,2.1,2.1,,,,,1022.0,2.3,,-5.5,,-0.7,
120.0,1.5,1.5,,,,,1021.4,1.8,,-1.2,,-1.0,
,0.0,0.0,,,,,1021.3,2.4,,-0.6,,-1.0,
230.0,2.1,2.1,,,,,1021.6,2.3,,-0.2,,-0.4,
210.0,2.6,2.6,,,,,1021.7,2.2,,-1.1,,0.3,
170.0,6.2,6.7,,,,,1020.8,3.0,,-1.8,,-0.5,
180.0,5.1,6.2,,,,,1020.1,3.5,,-0.3,,-1.5,
170.0,6.2,6.7,,,,,1018.6,4.1,,-1.2,,-3.1,
170.0,7.2,7.7,,,,,1016.7,5.0,,-2.1,,,
160.0,7.7,8.2,,,,,1015.4,6.3,,-2.1,,-4.7,
160.0,7.7,8.8,,,,,1014.0,6.1,,-1.1,,-4.6,
170.0,7.7,8.2,,,,,1013.3,5.3,,0.4,,-3.4,
170.0,8.8,9.8,,,,,1012.6,5.2,,0.8,,-2.8,
160.0,7.2,7.7,,,,,1011.8,5.4,,1.4,,-2.2,
170.0,6.2,6.7,,,,,1010.9,5.4,,1.9,,-2.4,
170.0,7.2,8.2,,,,,1010.3,5.3,,2.3,,-2.3,
180.0,8.2,8.8,,,,,1009.6,6.8,,1.6,,-2.2,
200.0,10.3,10.8,,,,,1009.0,8.9,,-1.1,,-1.9,
210.0,10.3,11.3,,,,,1008.2,9.2,,-2.0,,-2.1,
220.0,8.2,9.3,,,,,1008.1,9.6,,-2.3,,-1.5,
220.0,8.2,8.8,,,,,1007.5,9.8,,-3.0,,-1.5,
220.0,7.2,8.2,,,,,1007.2,9.6,,-2.8,,-1.0,
200.0,4.6,5.1,,,,,1007.0,8.1,,-1.3,,-1.1,
190.0,4.6,5.1,,,,,1006.8,8.5,,-2.2,,-0.7,
220.0,5.1,5.1,,,,,1006.5,9.4,,-3.8,,-0.7,
180.0,3.6,3.6,,,,,1006.7,6.6,,0.1,,-0.3,
190.0,4.6,5.1,,,,,1006.6,8.0,,-2.0,,-0.0,
200.0,6.7,6.7,,,,,1006.7,8.9,,-3.5,,0.0,
160.0,6.2,6.2,,,,,1006.4,6.1,,0.4,,-0.3,
170.0,8.2,8.8,,,,,1006.5,6.0,,0.0,,0.0,
160.0,7.7,8.2,,,,,1005.4,5.9,,0.0,,-1.3,
160.0,7.2,7.7,,,,,1003.8,6.0,,0.0,,-2.6,
160.0,6.7,7.2,,,,,1003.0,6.0,,0.3,,-3.5,
170.0,7.7,8.2,,,,,1002.7,6.3,,0.2,,-2.7,
160.0,9.3,9.8,,,,,1001.5,6.3,,0.6,,-2.3,
170.0,9.3,10.3,,,,,1001.9,6.1,,1.3,,-1.1,
160.0,9.3,10.3,,,,,1000.0,5.8,,2.1,,-2.7,
160.0,10.3,11.3,,,,,999.5,5.5,,2.3,,-2.0,
170.0,8.2,8.8,,,,,999.2,5.6,,2.3,,-2.7,
180.0,6.7,7.2,,,,,999.1,5.7,,2.5,,-0.9,
160.0,5.1,5.7,,,,,,4.9,,2.5,,-0.5,
170.0,6.2,6.2,,,,,998.5,6.0,,2.7,,-0.7,
160.0,4.6,5.1,,,,,997.7,5.8,,2.6,,-1.4,
200.0,3.1,3.1,,,,,997.0,6.4,,3.1,,-2.0,
260.0,3.1,4.1,,,,,997.0,7.1,,3.7,,-1.5,
300.0,5.7,6.7,,,,,997.3,7.2,,3.7,,-0.4,
290.0,7.7,9.8,,,,,997.7,7.0,,1.9,,0.7,
290.0,12.4,13.9,,,,,998.1,6.3,,-2.8,,1.1,
310.0,10.8,12.9,,,,,999.3,4.6,,-4.5,,2.0,
300.0,13.9,18.0,,,,,1000.7,2.7,,-8.3,,3.0,
300.0,11.3,12.4,,,,,1002.2,1.3,,-8.1,,4.1,
290.0,13.9,14.9,,,,,1003.4,0.5,,-9.5,,4.1,
290.0,10.8,12.4,,,,,1004.4,0.0,,-10.4,,3.7,
290.0,11.8,13.4,,,,,1005.1,-0.3,,-11.0,,2.9,
310.0,9.8,11.8,,,,,1005.3,-0.2,,-11.9,,1.9,
300.0,9.8,11.8,,,,,1004.1,0.0,,-12.2,,-0.3,
280.0,9.3,11.8,,,,,1003.7,-0.5,,-12.6,,-1.4,
280.0,9.8,11.3,,,,,1003.5,-0.3,,-14.2,,-1.8,
280.0,10.8,13.4,,,,,1004.1,-0.5,,-13.1,,-0.0,
300.0,8.2,10.3,,,,,1004.8,-0.7,,-13.9,,1.1,
310.0,10.3,12.4,,,,,1005.3,-1.1,,-12.7,,1.8,
310.0,11.8,12.9,,,,,1006.0,-2.0,,-13.9,,1.9,
310.0,9.8,11.3,,,,,1006.5,-2.7,,-13.7,,1.7,
320.0,9.8,11.8,,,,,1007.2,-3.8,,-15.1,,1.9,
310.0,9.3,10.3,,,,,1008.1,-4.1,,-14.8,,2.1,
310.0,9.8,11.3,,,,,1008.5,-4.1,,-13.7,,2.0,
280.0,8.2,10.3,,,,,1008.6,-4.3,,-14.0,,1.4,
290.0,7.7,9.8,,,,,1008.9,-4.0,,-12.8,,0.8,
300.0,11.3,12.9,,,,,1009.2,-4.2,,-13.2,,0.7,
290.0,8.8,10.3,,,,,1010.5,-4.3,,-13.5,,1.9,
290.0,10.3,11.3,,,,,1011.8,-4.3,,-13.0,,2.9,
300.0,10.3,11.8,,,,,1012.6,-4.4,,-14.9,,3.4,
300.0,8.8,10.3,,,,,1013.8,-4.5,,-14.2,,3.3,
270.0,7.7,9.3,,,,,1014.8,-4.2,,-13.3,,3.0,
250.0,5.7,6.7,,,,,1016.2,-4.0,,-13.2,,3.6,
250.0,5.1,6.2,,,,,1016.4,-3.9,,-12.2,,2.6,
240.0,5.1,6.2,,,,,1017.3,-3.5,,-12.7,,2.5,
260.0,6.7,7.7,,,,,1017.8,-2.3,,-12.4,,1.6,
280.0,5.7,6.7,,,,,1018.2,-1.5,,-13.6,,1.8,
270.0,6.7,8.2,,,,,1018.5,-0.8,,-14.4,,1.2,
260.0,4.6,5.7,,,,,1017.5,-0.2,,-14.1,,-0.3,
210.0,4.6,5.1,,,,,1017.7,0.5,,-12.1,,-0.5,
190.0,5.1,5.7,,,,,1017.7,1.3,,-11.9,,-0.8,
180.0,2.6,3.6,,,,,1017.8,1.6,,-9.3,,0.3,
210.0,6.2,6.7,,,,,1018.2,2.5,,-11.9,,0.5,
190.0,7.2,8.2,,,,,1018.1,2.8,,-9.0,,0.4,
190.0,7.7,9.3,,,,,1018.3,3.2,,-7.9,,0.5,
190.0,8.2,8.8,,,,,1018.6,3.2,,-8.3,,0.4,
180.0,9.8,11.3,,,,,1018.3,3.6,,-6.7,,0.0,
170.0,9.8,10.8,,,,,1017.6,3.7,,-5.2,,-0.7,
180.0,9.3,9.8,,,,,1017.9,3.9,,-4.8,,-0.7,
190.0,7.2,8.2,,,,,1018.1,4.6,,-6.4,,-0.0,
200.0,8.8,9.8,,,,,1018.3,4.6,,-6.8,,0.7,
190.0,8.2,8.8,,,,,1018.3,4.5,,-7.0,,0.4,
180.0,8.2,8.8,,,,,1018.4,4.4,,-5.8,,0.3,
200.0,6.2,6.7,,,,,1017.8,4.1,,-6.5,,-0.5,
180.0,8.2,8.8,,,,,1017.1,4.2,,-6.3,,-1.2,
180.0,6.7,7.7,,,,,1017.3,4.2,,-3.9,,-1.1,
190.0,8.2,9.3,,,,,1017.6,4.5,,-4.0,,-0.0,
180.0,6.2,6.7,,,,,1018.6,3.9,,-1.2,,1.5,
170.0,6.7,7.2,,,,,1018.3,3.9,,-2.9,,1.0,
190.0,4.1,4.6,,,,,1019.0,3.8,,-1.6,,1.4,
200.0,5.1,5.7,,,,,1018.9,3.8,,-4.1,,0.3,
220.0,5.1,5.7,,,,,1018.8,2.7,,-2.3,,0.5,
210.0,4.6,4.6,,,,,1018.3,2.7,,-1.3,,-0.7,
230.0,3.6,4.1,,,,,1018.3,3.5,,-0.8,,-0.6,
230.0,3.1,3.1,,,,,1018.6,4.4,,-0.4,,-0.0,
160.0,1.0,1.5,,,,,1019.3,4.6,,0.0,,1.0,
140.0,2.1,2.1,,,,,1019.6,4.6,,-0.3,,1.3,
130.0,2.6,2.6,,,,,1020.2,4.5,,0.0,,1.6,
140.0,3.6,4.1,,,,,1020.6,4.1,,0.2,,1.3,
150.0,2.6,2.6,,,,,1020.8,3.9,,0.6,,1.2,
130.0,3.6,3.6,,,,,1020.1,4.4,,0.7,,0.0,
90.0,1.5,1.5,,,,,1020.4,3.6,,0.5,,-0.0,
70.0,1.5,1.5,,,,,1019.8,3.3,,0.7,,-1.0,
20.0,1.0,1.0,,,,,1019.9,3.3,,0.7,,0.0,
60.0,1.0,1.5,,,,,1018.5,3.1,,0.5,,-1.9,
10.0,1.5,2.1,,,,,1018.9,2.9,,0.6,,-0.9,
60.0,1.5,1.5,,,,,1017.8,2.8,,0.6,,-2.1,
320.0,2.1,2.1,,,,,1017.5,3.0,,0.9,,-1.0,
200.0,3.6,3.6,,,,,1017.6,3.7,,1.1,,-1.3,
130.0,5.1,5.1,,,,,1017.6,4.5,,1.5,,-0.0,
330.0,4.6,4.6,,,,,1018.4,2.5,,0.5,,0.9,
360.0,4.1,4.1,,,,,1017.9,1.9,,0.1,,0.3,
30.0,6.2,6.7,,,,,1017.1,,,,,-0.5,
20.0,6.2,6.7,,,,,1017.2,3.1,,1.3,,-1.2,
360.0,7.7,8.2,,,,,1016.5,2.6,,0.9,,-1.4,
360.0,7.7,8.8,,,,,1015.9,2.4,,0.2,,-1.2,
360.0,7.2,7.7,,,,,1014.5,2.2,,-0.3,,-2.7,
360.0,7.2,7.7,,,,,1013.3,2.5,,-0.7,,-3.2,
360.0,8.8,9.3,,,,,1012.1,1.9,,-1.3,,-3.8,
350.0,6.7,7.2,,,,,1012.7,1.0,,-1.0,,-1.8,
340.0,10.3,12.4,,,,,1013.2,4.9,,3.1,,-0.0,
340.0,8.2,9.3,,,,,1014.9,0.0,,-1.8,,2.8,
340.0,7.2,8.2,,,,,1014.8,-0.3,,-2.4,,2.1,
340.0,6.2,7.2,,,,,1014.3,-0.3,,-3.0,,1.1,
330.0,6.2,7.2,,,,,1014.6,-0.4,,-4.5,,-0.3,
330.0,6.2,7.2,,,,,1015.4,-0.8,,-6.9,,0.6,
340.0,6.2,6.7,,,,,1015.2,-1.3,,-8.9,,0.9,
310.0,4.1,4.6,,,,,1016.1,-1.9,,-8.8,,1.5,
310.0,3.1,3.6,,,,,1015.2,-2.1,,-9.0,,0.0,
280.0,4.6,5.7,,,,,1016.1,-2.2,,-9.2,,0.9,
260.0,5.1,5.7,,,,,1017.0,-2.2,,-9.4,,0.9,
320.0,2.6,3.6,,,,,1016.6,-2.2,,-10.0,,1.4,
240.0,2.6,3.1,,,,,1016.8,-2.2,,-9.6,,0.7,
210.0,3.1,4.1,,,,,1016.5,-1.8,,-10.7,,-0.5,
220.0,5.7,6.2,,,,,1017.3,-2.5,,-9.8,,0.7,
210.0,5.7,6.7,,,,,1017.1,-1.7,,-6.9,,0.3,
200.0,7.2,7.7,,,,,1017.2,-0.7,,-6.7,,0.7,
210.0,7.7,8.8,,,,,1017.5,-0.8,,-6.8,,-0.0,
230.0,4.6,5.7,,,,,1017.6,0.0,,-6.6,,0.5,
240.0,4.1,4.6,,,,,1016.5,1.4,,-7.4,,-0.7,
240.0,4.6,5.7,,,,,1015.7,2.4,,-8.1,,-1.8,
240.0,4.1,4.6,,,,,1015.7,3.0,,-9.1,,-1.9,
260.0,6.7,7.7,,,,,1016.2,3.7,,-8.6,,-0.3,
240.0,4.6,5.7,,,,,1016.5,4.0,,-7.6,,0.8,
230.0,4.1,4.6,,,,,1017.2,4.0,,-6.8,,1.5,
210.0,4.6,4.6,,,,,1017.7,3.8,,-5.0,,1.5,
230.0,3.1,3.1,,,,,1018.6,3.5,,-5.1,,2.1,
330.0,5.1,6.2,,,,,1019.7,2.9,,-9.0,,2.5,
330.0,6.2,6.7,,,,,1020.1,2.1,,-10.7,,2.4,
330.0,4.6,5.7,,,,,1020.8,1.6,,-11.2,,2.2,
320.0,4.6,5.7,,,,,1021.6,1.2,,-11.4,,1.9,
330.0,5.1,6.7,,,,,1022.6,0.6,,-10.5,,2.5,
320.0,9.3,10.8,,,,,1023.5,-0.6,,-12.4,,2.7,
320.0,6.7,8.8,,,,,1024.5,-1.5,,-13.2,,2.9,
320.0,8.2,9.8,,,,,1025.6,-2.9,,-15.2,,3.0,
330.0,9.3,11.3,,,,,1026.0,-4.1,,-17.2,,2.5,
320.0,8.8,10.3,,,,,1026.9,-4.8,,-17.5,,2.4,
310.0,8.8,11.3,,,,,1028.0,-5.4,,-17.6,,2.4,
260.0,7.7,8.8,,,,,1029.0,-5.9,,-17.8,,3.0,
270.0,5.1,5.7,,,,,1029.7,-6.1,,-17.6,,2.8,
250.0,7.7,8.8,,,,,1030.4,-5.8,,-18.3,,2.4,
290.0,7.2,8.8,,,,,1031.1,-5.0,,-19.1,,2.1,
310.0,7.2,7.7,,,,,1031.3,-3.9,,-19.3,,1.6,
290.0,7.7,9.8,,,,,1030.5,-3.1,,-18.4,,0.0,
310.0,7.7,8.8,,,,,1029.8,-2.8,,-20.1,,-1.3,
300.0,8.2,9.3,,,,,1029.5,-2.4,,-20.2,,-1.8,
310.0,8.2,9.3,,,,,1029.9,-1.6,,-18.9,,-0.6,
310.0,6.2,7.2,,,,,1030.5,-1.1,,-19.5,,0.7,
290.0,3.6,4.1,,,,,1031.2,-0.9,,-18.9,,1.7,
340.0,4.6,5.1,,,,,1031.8,-1.4,,-19.5,,1.9,
350.0,4.6,5.1,,,,,1032.8,-1.9,,-20.0,,2.3,
330.0,4.1,5.1,,,,,1033.8,-2.3,,-19.0,,2.6,
330.0,3.6,4.1,,,,,1034.2,-2.7,,-18.6,,2.4,
330.0,3.1,3.6,,,,,1034.7,-2.8,,-17.9,,1.9,
350.0,3.6,4.1,,,,,1034.7,-3.1,,-18.3,,0.9,
10.0,3.1,3.6,,,,,1035.1,-3.2,,-18.6,,0.9,
50.0,2.6,3.1,,,,,1035.4,-3.3,,-18.5,,0.7,
10.0,1.0,1.5,,,,,1035.7,-3.3,,-18.9,,1.0,
90.0,1.0,1.5,,,,,1035.1,-3.2,,-15.2,,0.0,
140.0,2.6,3.1,,,,,1035.6,-3.1,,-13.2,,-0.0,
130.0,4.6,5.1,,,,,1035.4,-3.1,,-14.3,,-0.3,
130.0,5.7,6.2,,,,,1034.9,-3.2,,-14.1,,0.0,
130.0,6.7,7.2,,,,,1035.0,-3.4,,-15.3,,-0.6,
120.0,5.7,6.2,,,,,1035.0,-3.6,,-14.9,,-0.4,
120.0,5.7,6.2,,,,,1035.0,-3.4,,-14.6,,0.0,
160.0,5.7,6.2,,,,,1035.1,-2.2,,-12.9,,0.0,
170.0,6.2,6.7,,,,,1034.4,-1.3,,-9.4,,-0.6,
170.0,7.2,7.7,,,,,1032.8,0.0,,-6.7,,-2.2,
170.0,11.3,12.9,,,,,1030.2,1.5,,-5.0,,-4.9,
170.0,11.3,12.4,,,,,1027.1,2.4,,-7.1,,-7.3,
170.0,11.3,12.4,,,,,1026.5,2.9,,-5.9,,-6.3,
170.0,10.8,12.9,,,,,1026.1,3.2,,-3.6,,-4.1,
160.0,11.3,12.9,,,,,1025.4,3.4,,-3.0,,-1.7,
170.0,8.8,9.3,,,,,1025.4,3.3,,-1.9,,-1.1,
170.0,9.8,10.3,,,,,1024.7,3.6,,-1.5,,-1.4,
170.0,10.8,11.3,,,,,1024.1,3.7,,-1.0,,-1.3,
170.0,9.3,10.3,,,,,1023.3,3.6,,-0.9,,-2.1,
180.0,9.3,10.3,,,,,1022.4,3.8,,-2.2,,-2.3,
190.0,9.3,9.8,,,,,1021.8,3.8,,-3.0,,-2.3,
190.0,9.3,9.8,,,,,1021.3,4.4,,-3.4,,-2.0,
180.0,10.3,11.3,,,,,1020.0,5.7,,-3.8,,-2.4,
180.0,9.3,9.8,,,,,1019.4,5.3,,-2.9,,-2.4,
180.0,8.8,9.3,,,,,1019.1,4.9,,-2.6,,-2.2,
180.0,8.8,9.3,,,,,1018.6,5.0,,-3.4,,-1.4,
190.0,8.8,8.8,,,,,1018.6,5.1,,-4.1,,-0.8,
200.0,7.2,7.2,,,,,1018.7,5.1,,-4.1,,-0.4,
200.0,5.7,5.7,,,,,1019.2,5.2,,-3.1,,0.6,
290.0,4.6,5.1,,,,,1020.5,5.2,,-6.0,,1.9,
250.0,3.6,4.1,,,,,1020.6,5.6,,-6.4,,1.9,
230.0,4.1,4.1,,,,,1020.5,6.6,,-6.2,,1.3,
200.0,3.6,3.6,,,,,1020.4,7.1,,-4.1,,0.0,
190.0,6.7,6.7,,,,,1019.4,7.3,,-3.1,,-1.2,
260.0,8.2,9.8,,,,,1018.3,9.3,,-4.1,,-2.2,
270.0,7.2,7.7,,,,,1018.4,11.1,,-6.6,,-2.0,
300.0,5.7,6.2,,,,,1018.3,11.1,,-6.4,,-1.1,
260.0,2.1,2.6,,,,,1018.6,11.6,,-7.1,,0.3,
320.0,4.1,4.6,,,,,1019.6,11.0,,-7.8,,1.2,
300.0,1.5,2.1,,,,,1020.3,10.2,,-7.5,,2.0,
320.0,2.1,2.1,,,,,1020.8,9.4,,-7.7,,2.2,
320.0,4.1,4.6,,,,,1020.8,9.0,,-8.1,,1.2,
230.0,1.0,1.5,,,,,1021.4,7.7,,-7.6,,1.1,
310.0,4.1,4.6,,,,,1022.0,7.6,,-8.4,,1.2,
320.0,3.6,3.6,,,,,1022.4,6.7,,-8.6,,1.6,
320.0,2.6,2.6,,,,,1022.2,6.1,,-9.6,,0.8,
210.0,2.1,2.1,,,,,1022.3,4.2,,-6.4,,0.3,
240.0,2.1,2.6,,,,,1022.4,5.6,,-9.3,,0.0,
250.0,2.1,2.6,,,,,1022.6,2.4,,,,0.4,
260.0,2.1,2.6,,,,,1022.8,2.2,,-6.0,,0.5,
270.0,3.1,3.6,,,,,1023.1,3.9,,-10.5,,0.7,
290.0,4.1,4.1,,,,,1023.4,3.7,,-11.4,,0.8,
280.0,2.1,2.6,,,,,1024.0,2.7,,-10.9,,1.2,
230.0,1.5,1.5,,,,,1024.3,2.8,,-9.5,,1.2,
230.0,2.1,2.6,,,,,1024.6,2.5,,-6.7,,1.2,
310.0,2.1,2.6,,,,,1024.9,3.8,,-10.3,,0.9,
300.0,3.6,4.6,,,,,1024.9,5.9,,-11.0,,0.6,
310.0,5.7,6.7,,,,,1024.2,6.0,,-13.2,,-0.4,
300.0,6.2,6.7,,,,,1023.4,5.9,,-13.3,,-1.5,
310.0,6.7,7.2,,,,,1022.9,5.7,,-12.0,,-2.0,
320.0,4.1,4.1,,,,,1022.8,6.1,,-12.4,,-1.4,
280.0,5.7,6.2,,,,,1022.7,7.0,,-13.1,,-0.7,
320.0,4.1,4.6,,,,,1022.9,6.6,,-11.7,,0.0,
340.0,3.6,4.1,,,,,1023.8,6.0,,-12.3,,1.0,
330.0,5.1,5.7,,,,,1025.2,5.3,,-11.8,,2.5,
340.0,8.2,9.3,,,,,1026.7,3.5,,-10.9,,3.8,
350.0,10.3,11.8,,,,,1028.6,0.5,,-14.0,,4.8,
350.0,13.4,14.9,,,,,1029.9,-2.1,,-14.3,,4.7,
330.0,13.4,14.9,,,,,1032.0,-4.1,,-17.6,,5.3,
350.0,12.4,14.9,,,,,1033.0,-5.8,,-18.5,,4.4,
230.0,13.9,15.4,,,,,1033.3,-7.2,,-19.7,,3.4,
110.0,13.4,17.0,,,,,1034.5,-8.2,,-19.7,,2.5,
180.0,12.9,14.4,,,,,1035.9,-9.4,,-20.6,,2.9,
190.0,11.8,13.9,,,,,1036.4,-10.0,,-21.1,,3.1,
350.0,9.8,11.3,,,,,1037.4,-10.4,,-20.8,,2.9,
350.0,10.3,11.3,,,,,1038.1,-10.8,,-21.4,,2.2,
340.0,8.8,9.8,,,,,1039.1,-11.3,,-21.6,,2.7,
360.0,9.3,10.8,,,,,1040.3,-11.1,,-20.8,,2.9,
360.0,8.2,9.3,,,,,1040.9,-10.9,,-20.2,,2.8,
360.0,8.2,9.3,,,,,1041.4,-10.4,,-18.9,,2.3,
350.0,7.2,8.8,,,,,1041.5,-10.3,,-20.1,,1.2,
10.0,6.2,8.2,,,,,1040.7,-9.5,,-18.8,,0.0,
10.0,6.2,8.8,,,,,1039.4,-8.8,,-18.1,,-2.0,
10.0,6.2,7.2,,,,,1038.9,-8.6,,-19.0,,-2.6,
10.0,4.6,5.7,,,,,1038.9,-7.8,,-18.9,,-1.8,
360.0,5.1,6.7,,,,,1039.0,-7.5,,-19.7,,-0.4,
20.0,6.2,7.2,,,,,1039.4,-7.1,,-18.6,,0.5,
10.0,7.2,8.2,,,,,1039.2,-7.1,,-18.0,,0.3,
20.0,5.1,6.7,,,,,1039.7,-7.3,,-18.3,,0.7,
30.0,7.2,8.2,,,,,1039.9,-7.2,,-16.4,,0.5,
50.0,5.7,7.2,,,,,1039.6,-7.5,,-17.1,,0.4,
60.0,5.1,6.2,,,,,1039.0,-7.7,,-17.7,,-0.7,
70.0,4.6,5.7,,,,,1038.8,-7.7,,-17.9,,-1.1,
120.0,4.6,5.7,,,,,1038.1,-7.9,,-16.8,,-1.5,
90.0,4.1,5.1,,,,,1037.6,-8.7,,-13.0,,-1.4,
50.0,5.7,6.2,,,,,1036.3,-9.1,,-11.5,,-2.5,
60.0,7.7,8.8,,,,,1034.9,-8.8,,-11.3,,-3.2,
60.0,9.3,10.3,,,,,1033.0,-8.5,,-10.9,,-4.6,
30.0,9.3,11.3,,,,,1032.7,-8.1,,-10.1,,-3.6,
30.0,11.3,12.4,,,,,1031.2,-8.1,,-10.2,,-3.7,
40.0,11.8,13.4,,,,,1029.9,-7.5,,-9.4,,-3.1,
40.0,12.4,13.4,,,,,1028.1,-7.3,,-9.3,,-4.6,
50.0,9.3,10.8,,,,,1027.4,-7.6,,-9.8,,-3.8,
40.0,11.3,12.4,,,,,1025.1,-6.9,,-9.0,,-4.8,
40.0,12.9,14.9,,,,,1022.2,-6.2,,-8.1,,-5.9,
20.0,12.4,14.9,,,,,1019.3,-6.2,,-8.3,,-8.1,
30.0,10.8,12.4,,,,,1017.7,-6.4,,-8.4,,-7.4,
10.0,11.8,12.9,,,,,1016.2,-6.2,,-8.1,,-6.0,
20.0,11.3,12.4,,,,,1013.1,-5.7,,-7.5,,-6.2,
30.0,10.3,11.3,,,,,1011.4,-3.6,,-5.3,,-6.3,
40.0,7.2,8.8,,,,,1010.6,-2.0,,-3.7,,-5.6,
,,,,,,,1010.3,-1.8,,-3.4,,-2.8,
,,,,,,,1009.8,-1.6,,-3.1,,-1.6,
,,,,,,,1008.6,-2.3,,-3.8,,-2.0,
,,,,,,,1010.4,-2.4,,-3.9,,-0.0,
,,,,,,,1009.7,-3.0,,-4.5,,-0.0,
,,,,,,,1009.6,-3.9,,-5.4,,1.0,
,,,,,,,1009.6,-4.5,,-6.1,,-0.8,
,,,,,,,1010.0,-4.7,,-6.3,,0.3,
,,,,,,,1010.0,-4.9,,-6.4,,0.4,
,,,,,,,1010.1,-5.8,,-7.3,,0.5,
,,,,,,,1010.6,-6.5,,-7.9,,0.6,
,,,,,,,1011.0,-6.2,,-7.7,,1.0,
,,,,,,,1012.0,-5.9,,-7.7,,1.9,
,,,,,,,1012.7,-5.2,,-7.2,,2.1,
,,,,,,,1012.9,-4.4,,-6.7,,1.9,
,,,,,,,1013.6,-4.4,,-6.8,,1.6,
,,,,,,,1014.3,-4.0,,-6.8,,1.6,
,,,,,,,1013.9,-3.6,,-6.9,,1.0,
,,,,,,,1013.5,-3.0,,-8.9,,0.0,
,,,,,,,1013.2,-3.1,,-9.8,,-1.1,
,,,,,,,1013.4,-2.8,,-11.5,,-0.5,
,,,,,,,1014.0,-2.4,,-11.0,,0.5,
,,,,,,,1015.2,-2.6,,-12.8,,2.0,
,,,,,,,1016.3,-3.2,,-13.8,,2.9,
,,,,,,,1017.2,-3.6,,-12.9,,3.2,
,,,,,,,1018.5,-4.4,,-14.6,,3.3,
,,,,,,,1019.7,-4.7,,-14.0,,3.4,
,,,,,,,1020.4,-4.9,,-13.9,,3.2,
,,,,,,,1021.7,-5.1,,-13.5,,3.2,
,,,,,,,1022.3,-5.1,,-13.7,,2.6,
,,,,,,,1022.8,-5.5,,-14.8,,2.4,
,,,,,,,1023.5,-5.8,,-14.6,,1.8,
,,,,,,,1024.0,-6.1,,-14.7,,1.7,
,,,,,,,1024.2,-6.7,,-15.0,,1.4,
,,,,,,,1024.5,-7.1,,-14.4,,1.0,
,,,,,,,1024.9,-7.5,,-14.9,,0.9,
,,,,,,,1025.0,-7.8,,-16.3,,0.8,
,,,,,,,1025.3,-7.9,,-15.7,,0.8,
,,,,,,,1025.1,-8.2,,-16.3,,0.0,
260.0,3.6,4.1,,,,,1024.6,-7.9,,-15.4,,-0.4,
210.0,3.6,5.1,,,,,1024.0,-7.3,,-15.4,,-1.3,
250.0,5.7,6.2,,,,,1023.1,-6.7,,-15.1,,-2.0,
200.0,4.1,4.6,,,,,1021.5,-5.3,,-15.2,,-3.1,
190.0,6.7,7.2,,,,,1019.9,-4.3,,-15.2,,-4.1,
210.0,6.7,7.7,,,,,1018.3,-3.5,,-14.6,,-4.8,
210.0,6.2,7.7,,,,,1017.4,-2.5,,-14.2,,-4.1,
240.0,8.2,9.3,,,,,1016.9,-1.7,,-15.5,,-3.0,
240.0,4.6,5.1,,,,,1017.3,-1.3,,-14.8,,-1.0,
220.0,4.1,4.6,,,,,1017.3,-1.3,,-15.0,,-0.0,
240.0,3.6,4.1,,,,,1018.2,-1.4,,-14.2,,1.3,
330.0,6.2,7.2,,,,,1019.4,-1.8,,-13.7,,2.1,
320.0,8.8,10.3,,,,,1020.8,-2.7,,-13.6,,3.5,
330.0,8.8,10.8,,,,,1021.6,-3.8,,-13.7,,3.4,
330.0,8.8,9.8,,,,,1022.6,-4.1,,-15.5,,3.2,
330.0,10.3,10.8,,,,,1022.9,-4.4,,-16.0,,2.1,
330.0,7.7,8.8,,,,,1023.4,-4.8,,-16.0,,1.8,
320.0,7.2,8.8,,,,,1024.0,-5.3,,-16.6,,1.4,
320.0,4.6,5.7,,,,,1024.7,-5.8,,-17.1,,1.8,
310.0,5.7,6.7,,,,,1025.2,-6.1,,-16.1,,1.8,
150.0,5.7,6.2,,,,,1025.8,-6.5,,-16.4,,1.8,
150.0,5.1,6.2,,,,,1025.8,-7.0,,-17.5,,1.1,
350.0,8.8,10.3,,,,,1025.0,-6.9,,-16.6,,0.0,
330.0,7.7,8.8,,,,,1025.7,-7.0,,-17.8,,-0.0,
340.0,7.7,9.3,,,,,1025.7,-7.0,,-17.9,,-0.0,
330.0,7.2,8.2,,,,,1025.8,-6.7,,-17.7,,0.8,
310.0,3.6,5.7,,,,,1024.8,-5.8,,-15.0,,-0.9,
330.0,2.1,2.6,,,,,1023.4,-5.7,,-16.7,,-2.3,
280.0,3.1,4.1,,,,,1022.0,-5.1,,-16.2,,-3.8,
250.0,4.6,5.1,,,,,1020.5,-4.6,,-15.4,,-4.3,
290.0,5.1,5.7,,,,,1020.1,-4.4,,-14.8,,-3.3,
290.0,3.6,4.6,,,,,1019.7,-4.2,,-15.0,,-2.3,
270.0,3.1,4.1,,,,,1019.6,-3.9,,-14.9,,-0.9,
270.0,3.1,4.1,,,,,1020.0,-3.9,,-14.6,,-0.0,
330.0,2.6,2.6,,,,,1020.3,-4.0,,-13.8,,0.6,
340.0,3.6,4.1,,,,,1020.1,-4.4,,-14.2,,0.5,
350.0,6.2,6.7,,,,,1020.3,-4.9,,-13.4,,0.3,
350.0,5.1,5.7,,,,,1020.8,-5.3,,-13.7,,0.5,
360.0,7.2,7.7,,,,,1021.0,-5.5,,-14.3,,0.9,
350.0,5.7,6.7,,,,,1021.2,-6.3,,-15.0,,0.9,
160.0,4.1,4.6,,,,,1021.3,-7.0,,-15.0,,0.5,
300.0,4.6,5.1,,,,,1021.8,-7.2,,-15.5,,0.8,
300.0,3.6,4.1,,,,,1022.7,-7.3,,-15.9,,1.5,
210.0,6.2,7.2,,,,,1022.9,-7.9,,-15.1,,1.6,
220.0,4.1,4.6,,,,,1023.8,-8.4,,-16.8,,2.0,
210.0,4.1,5.7,,,,,1024.2,-8.5,,-16.9,,1.5,
220.0,4.6,5.7,,,,,1024.7,-9.2,,-17.6,,1.8,
300.0,6.7,7.7,,,,,1025.1,-9.2,,-18.1,,1.3,
290.0,8.2,9.8,,,,,1025.8,-8.6,,-17.7,,1.6,
290.0,6.7,7.7,,,,,1026.1,-8.0,,-17.4,,1.4,
290.0,6.7,7.7,,,,,1025.7,-7.1,,-17.4,,0.6,
290.0,8.2,10.3,,,,,1024.9,-6.3,,-16.4,,-0.9,
310.0,7.7,8.8,,,,,1024.3,-5.9,,-16.4,,-1.8,
290.0,10.8,11.8,,,,,1023.8,-5.5,,-16.5,,-1.9,
300.0,8.2,9.8,,,,,1024.0,-4.9,,-16.1,,-0.9,
320.0,8.2,9.3,,,,,1023.9,-4.7,,-16.2,,-0.4,
310.0,5.7,7.2,,,,,1024.2,-4.8,,-16.7,,0.4,
320.0,5.1,6.2,,,,,1024.6,-5.0,,-16.6,,0.6,
330.0,5.1,5.7,,,,,1024.7,-5.2,,-16.1,,0.8,
320.0,6.7,8.8,,,,,1025.0,-5.2,,-15.9,,0.8,
330.0,9.3,10.3,,,,,1025.5,-5.9,,-16.6,,0.9,
330.0,7.7,9.3,,,,,1025.8,-6.3,,-17.0,,1.1,
320.0,6.7,7.2,,,,,1025.8,-6.6,,-16.5,,0.8,
310.0,4.6,5.7,,,,,1026.1,-7.2,,-16.7,,0.6,
320.0,5.7,6.2,,,,,1025.8,-7.4,,-16.3,,0.0,
320.0,4.1,4.6,,,,,1026.1,-7.7,,-16.2,,0.3,
320.0,4.6,5.7,,,,,1026.2,-8.2,,-16.6,,-0.0,
300.0,5.7,6.7,,,,,1026.4,-8.6,,-16.1,,0.6,
310.0,6.2,7.2,,,,,1026.5,-8.8,,-16.2,,0.4,
310.0,5.7,6.2,,,,,1026.6,-9.2,,-16.2,,0.4,
120.0,6.7,8.8,,,,,1026.7,-9.5,,-17.2,,0.3,
280.0,6.7,7.7,,,,,1027.4,-9.6,,-18.5,,0.9,
320.0,6.2,8.2,,,,,1028.0,-9.4,,-19.1,,1.4,
330.0,6.7,8.2,,,,,1028.1,-9.2,,-20.4,,1.4,
350.0,6.2,7.2,,,,,1027.8,-8.8,,-19.9,,0.4,
310.0,5.1,6.2,,,,,1027.1,-8.2,,-19.6,,-0.9,
300.0,5.1,6.2,,,,,1026.5,-7.4,,-19.5,,-1.6,
290.0,5.7,5.7,,,,,1025.7,-6.7,,-18.9,,-2.1,
310.0,6.2,7.7,,,,,1025.3,-6.0,,-19.3,,-1.8,
310.0,6.2,7.7,,,,,1025.1,-5.9,,-18.6,,-1.4,
310.0,6.2,7.2,,,,,1024.9,-6.1,,-18.0,,-0.8,
300.0,5.7,6.7,,,,,1025.1,-6.2,,-17.4,,0.0,
320.0,4.1,5.1,,,,,1025.6,-6.6,,-17.8,,0.5,
340.0,4.1,4.1,,,,,1025.6,-6.7,,-18.2,,0.7,
320.0,3.6,4.6,,,,,1025.9,-6.8,,-18.1,,0.8,
340.0,5.7,6.7,,,,,1025.9,-7.1,,-17.2,,0.3,
340.0,6.7,7.7,,,,,1026.0,-7.5,,-18.0,,0.4,
290.0,5.7,6.2,,,,,1026.3,-8.4,,-17.7,,0.4,
310.0,5.1,5.7,,,,,1026.2,-8.8,,-17.7,,0.3,
190.0,6.7,7.7,,,,,1026.3,-9.1,,-17.8,,0.3,
180.0,6.7,8.8,,,,,1025.7,-9.4,,-17.8,,-0.6,
30.0,5.7,7.2,,,,,1025.4,-9.6,,-17.1,,-0.8,
80.0,7.2,8.2,,,,,1024.9,-9.8,,-17.5,,-1.4,
150.0,6.7,7.2,,,,,1025.0,-10.1,,-17.6,,-0.7,
120.0,6.7,7.2,,,,,1024.9,-10.2,,-17.3,,-0.5,
200.0,5.7,6.7,,,,,1025.1,-10.1,,-16.5,,0.0,
350.0,6.7,7.7,,,,,1024.6,-9.8,,-16.4,,-0.4,
360.0,5.1,5.7,,,,,1024.7,-9.1,,-15.7,,0.0,
20.0,8.8,9.8,,,,,1024.1,-7.9,,-15.1,,-1.0,
10.0,7.7,9.3,,,,,1023.1,-7.5,,-14.4,,-1.5,
20.0,7.7,8.8,,,,,1022.0,-7.2,,-14.8,,-2.7,
20.0,7.7,9.3,,,,,1020.8,-6.8,,-14.7,,-3.3,
360.0,6.7,7.7,,,,,1020.6,-6.2,,-14.6,,-2.5,
360.0,9.8,11.3,,,,,1019.4,-6.0,,-14.2,,-2.6,
10.0,9.3,10.3,,,,,1019.8,-6.2,,-14.1,,-1.0,
10.0,10.3,11.8,,,,,1019.1,-6.3,,-13.0,,-1.5,
360.0,12.4,13.9,,,,,1019.0,-6.5,,-13.8,,-0.4,
360.0,10.3,11.8,,,,,1017.7,-6.4,,-13.2,,-2.1,
360.0,11.3,12.4,,,,,1017.9,-6.2,,-14.0,,-1.2,
360.0,11.3,12.9,,,,,1017.1,-5.9,,-13.4,,-1.9,
350.0,10.3,11.8,,,,,1017.1,-6.1,,-13.6,,-0.6,
350.0,12.4,13.9,,,,,1016.0,-6.7,,-14.3,,-1.9,
360.0,14.4,16.5,,,,,1013.8,-7.2,,-13.6,,-3.3,
350.0,14.4,18.0,,,,,1013.4,-7.8,,-14.2,,-3.7,
360.0,12.9,14.9,,,,,1013.7,-8.3,,-14.8,,-2.3,
350.0,11.3,12.4,,,,,1012.9,-8.5,,-14.5,,-0.9,
350.0,12.4,14.9,,,,,1013.2,-8.5,,-15.0,,0.0,
350.0,10.8,12.9,,,,,1013.7,-8.6,,-15.1,,-0.0,
330.0,10.8,13.4,,,,,1014.0,-9.0,,-15.4,,1.1,
340.0,13.4,14.9,,,,,1014.0,-8.9,,-15.5,,0.8,
340.0,12.4,14.4,,,,,1014.9,-8.7,,-15.6,,1.2,
350.0,11.8,13.9,,,,,1015.2,-8.1,,-15.1,,1.2,
320.0,9.3,10.3,,,,,1015.9,-7.4,,-15.5,,1.9,
320.0,10.3,11.8,,,,,1015.5,-6.8,,-15.8,,0.6,
330.0,10.3,11.8,,,,,1014.9,-5.6,,-15.7,,-0.3,
330.0,10.3,11.8,,,,,1014.2,-4.4,,-15.8,,-1.7,
310.0,11.3,12.4,,,,,1014.1,-3.9,,-15.9,,-1.4,
330.0,9.8,12.4,,,,,1014.3,-2.9,,-15.5,,-0.6,
320.0,9.3,11.3,,,,,1014.6,-2.6,,-14.9,,0.4,
320.0,7.7,8.8,,,,,1015.1,-2.7,,-15.2,,1.0,
310.0,9.3,10.3,,,,,1015.4,-2.9,,-14.4,,1.1,
320.0,7.7,8.8,,,,,1015.7,-3.2,,-14.6,,1.1,
320.0,8.2,10.3,,,,,1016.0,-3.3,,-14.8,,0.9,
320.0,6.2,7.7,,,,,1016.6,-3.3,,-15.2,,1.2,
320.0,7.2,8.2,,,,,1017.3,-3.3,,-16.1,,1.6,
320.0,8.8,9.8,,,,,1017.8,-3.4,,-17.5,,1.8,
320.0,8.2,9.3,,,,,1018.4,-3.7,,-17.2,,1.8,
320.0,7.7,8.8,,,,,1019.4,-3.9,,-16.8,,2.1,
330.0,7.7,9.8,,,,,1019.9,-4.2,,-16.6,,2.1,
320.0,8.8,10.3,,,,,1020.6,-4.8,,-18.1,,2.2,
320.0,8.8,9.8,,,,,1021.1,-5.2,,-18.9,,1.7,
320.0,7.7,8.2,,,,,1021.5,-5.4,,-17.7,,1.6,
320.0,9.3,10.3,,,,,1022.1,-5.4,,-15.2,,1.5,
330.0,5.1,6.2,,,,,1022.7,-5.3,,-14.8,,1.6,
310.0,6.7,8.2,,,,,1023.2,-4.7,,-13.9,,1.7,
330.0,6.2,6.7,,,,,1023.2,-3.3,,-13.3,,1.1,
310.0,8.8,10.3,,,,,1023.2,-2.2,,-13.6,,0.5,
300.0,7.2,8.8,,,,,1022.5,-1.4,,-12.8,,-0.7,
300.0,7.2,8.2,,,,,1021.7,-0.8,,-12.2,,-1.5,
280.0,5.7,6.7,,,,,1021.3,-0.4,,-11.2,,-1.9,
290.0,5.1,5.1,,,,,1021.2,0.3,,-11.9,,-1.3,
300.0,6.2,7.2,,,,,1021.5,0.8,,-11.9,,-0.0,
290.0,6.2,6.7,,,,,1022.0,0.8,,-13.0,,0.7,
300.0,3.1,3.6,,,,,1022.5,0.3,,-10.5,,1.3,
300.0,3.1,3.6,,,,,1023.1,-0.2,,-11.1,,1.6,
290.0,1.0,1.0,,,,,1023.0,0.0,,-14.3,,1.0,
220.0,2.6,3.1,,,,,1023.1,-0.7,,-10.4,,0.6,
230.0,2.6,3.1,,,,,1023.2,-1.4,,-8.4,,0.0,
210.0,2.1,2.6,,,,,1023.4,-1.3,,-6.2,,0.4,
,0.0,0.5,,,,,1023.1,-1.3,,-6.7,,0.0,
210.0,2.1,2.6,,,,,1023.2,-1.3,,-7.8,,0.0,
240.0,1.5,2.1,,,,,1023.3,-0.9,,-9.6,,-0.0,
310.0,0.5,1.0,,,,,1023.3,-1.4,,-6.0,,0.0,
270.0,1.5,1.5,,,,,1023.4,-1.4,,-10.2,,0.0,
160.0,2.6,2.6,,,,,1023.1,-0.9,,-7.4,,0.0,
330.0,2.6,3.1,,,,,1023.6,-1.2,,-6.6,,0.3,
290.0,1.5,1.5,,,,,1023.8,-0.9,,-9.5,,0.4,
260.0,1.0,1.0,,,,,1024.5,-1.0,,-8.9,,1.4,
210.0,2.6,2.6,,,,,1024.9,-0.7,,-8.1,,1.3,
200.0,3.6,3.6,,,,,1025.4,-0.6,,-5.3,,1.6,
170.0,2.1,2.6,,,,,1025.2,0.4,,-5.3,,0.7,
140.0,2.6,2.6,,,,,1024.3,0.7,,-5.1,,-0.6,
160.0,4.6,4.6,,,,,1023.2,1.1,,-6.9,,-2.2,
150.0,4.1,4.1,,,,,1022.5,1.5,,-6.9,,-2.7,
180.0,2.6,3.1,,,,,1022.7,1.1,,-4.1,,-1.6,
100.0,1.0,1.5,,,,,1022.7,1.0,,-3.4,,-0.5,
100.0,1.5,2.1,,,,,1023.0,1.8,,-6.3,,0.5,
100.0,2.1,2.1,,,,,1022.9,2.0,,-7.0,,0.0,
90.0,1.5,1.5,,,,,1022.7,1.6,,-7.1,,0.0,
140.0,1.0,1.0,,,,,1022.3,0.8,,-6.1,,-0.7,
360.0,,,,,,,1022.6,0.6,,-5.2,,-0.3,
30.0,2.1,2.1,,,,,1022.7,0.7,,-5.5,,-0.0,
60.0,3.1,3.1,,,,,1022.6,0.8,,-5.7,,0.3,
40.0,3.1,3.1,,,,,1022.5,0.8,,-5.1,,0.0,
40.0,1.0,1.0,,,,,1022.4,0.6,,-5.2,,-0.3,
10.0,4.1,4.1,,,,,1022.1,0.2,,-3.4,,-0.5,
10.0,5.1,5.7,,,,,1022.1,0.1,,-3.7,,-0.4,
20.0,5.7,6.7,,,,,1022.4,0.1,,-4.2,,-0.0,
10.0,6.7,7.7,,,,,1022.9,0.0,,-3.8,,0.8,
10.0,7.2,8.2,,,,,1023.1,0.1,,-4.4,,1.0,
10.0,5.7,6.7,,,,,1023.9,0.2,,-5.2,,1.5,
10.0,5.1,5.7,,,,,1024.7,0.1,,-5.3,,1.8,
20.0,5.1,5.7,,,,,1025.3,0.4,,-5.4,,2.2,
20.0,5.7,6.2,,,,,1025.8,0.5,,-6.7,,1.9,
40.0,5.7,6.2,,,,,1025.8,0.2,,-6.8,,1.1,
40.0,5.7,6.7,,,,,1025.3,0.3,,-7.2,,0.0,
50.0,6.7,7.2,,,,,1024.1,0.2,,-6.1,,-1.7,
30.0,7.2,8.2,,,,,1023.3,0.6,,-6.3,,-2.5,
40.0,5.7,6.7,,,,,1023.3,0.8,,-6.7,,-2.0,
30.0,6.2,6.7,,,,,1023.4,0.9,,-7.2,,-0.7,
30.0,4.6,5.7,,,,,1023.9,0.9,,-6.4,,0.6,
30.0,5.7,6.2,,,,,1024.4,0.7,,-7.4,,1.1,
30.0,6.7,7.2,,,,,1024.1,0.3,,-6.8,,0.7,
10.0,6.7,7.2,,,,,1024.3,0.0,,-8.5,,0.4,
10.0,6.2,6.7,,,,,1024.3,-0.2,,-8.8,,-0.0,
360.0,6.7,7.2,,,,,1024.1,-0.5,,-10.3,,0.0,
360.0,5.7,5.7,,,,,1024.0,-0.9,,-9.9,,-0.3,
360.0,6.2,6.7,,,,,1023.7,-1.2,,-9.6,,-0.6,
350.0,4.6,5.1,,,,,1023.4,-1.5,,-9.4,,-0.7,
10.0,6.2,6.7,,,,,1022.8,-1.6,,-9.3,,-1.2,
360.0,5.1,5.7,,,,,1022.4,-2.0,,-9.5,,-1.3,
360.0,4.6,5.7,,,,,1021.9,-2.3,,-9.4,,-1.5,
260.0,4.1,5.1,,,,,1021.7,-2.6,,-9.1,,-1.1,
360.0,5.1,6.2,,,,,1021.7,-3.0,,-10.0,,-0.7,
360.0,4.1,5.1,,,,,1022.1,-3.2,,-9.9,,-0.0,
360.0,5.1,5.7,,,,,1022.1,-3.5,,-10.0,,0.4,
10.0,6.2,6.7,,,,,1022.2,-3.2,,-10.5,,0.5,
20.0,6.2,7.7,,,,,1022.3,-3.5,,-11.4,,0.0,
20.0,6.7,7.2,,,,,1021.7,-3.5,,-11.6,,-0.4,
40.0,5.7,6.2,,,,,1020.6,-3.3,,-11.6,,-1.6,
50.0,4.6,5.1,,,,,1018.8,-2.9,,-10.6,,-3.5,
50.0,4.6,5.1,,,,,1017.7,-2.4,,-10.6,,-4.0,
50.0,4.6,5.1,,,,,1017.2,-1.6,,-10.5,,-3.4,
50.0,4.1,4.6,,,,,1016.9,-0.8,,-11.4,,-1.9,
40.0,4.6,5.1,,,,,1016.5,-0.8,,-11.6,,-1.2,
30.0,4.6,4.6,,,,,1016.5,-0.7,,-11.4,,-0.7,
20.0,4.1,4.1,,,,,1016.3,-0.8,,-11.1,,-0.6,
360.0,2.6,3.1,,,,,1015.8,-1.0,,-7.5,,-0.7,
350.0,3.1,3.1,,,,,1014.8,-1.8,,-7.2,,-1.7,
360.0,3.1,3.6,,,,,1014.2,-1.8,,-8.3,,-2.1,
340.0,1.5,2.1,,,,,1014.5,-2.2,,-8.2,,-1.3,
320.0,2.6,3.1,,,,,1014.3,-2.4,,-9.3,,-0.5,
330.0,2.1,2.6,,,,,1013.9,-2.8,,-9.1,,-0.3,
320.0,3.1,3.1,,,,,1013.4,-2.9,,-8.8,,-1.1,
320.0,3.6,4.1,,,,,1012.6,-4.1,,-10.4,,-1.7,
310.0,4.1,4.6,,,,,1011.9,-4.3,,-10.2,,-2.0,
330.0,3.1,3.6,,,,,1011.7,-4.4,,-10.4,,-1.7,
340.0,4.1,4.6,,,,,1011.6,-3.7,,-10.5,,-1.0,
20.0,3.6,3.6,,,,,1011.0,-3.7,,-10.1,,-0.9,
360.0,3.1,3.1,,,,,1010.5,-3.0,,-9.9,,-1.2,
20.0,0.5,1.0,,,,,1009.5,-2.7,,-8.5,,-2.1,
280.0,2.1,2.6,,,,,1009.4,-2.9,,-8.6,,-1.6,
230.0,1.0,1.5,,,,,1008.9,-2.0,,-9.3,,-1.6,
150.0,2.1,2.1,,,,,1007.7,-2.1,,-10.3,,-1.8,
160.0,2.1,2.6,,,,,1006.8,-1.9,,-8.9,,-2.6,
130.0,2.6,3.1,,,,,1005.7,-1.5,,-8.3,,-3.2,
120.0,2.1,2.1,,,,,1005.5,-1.1,,-8.8,,-2.2,
140.0,3.1,3.1,,,,,1005.2,-0.8,,-10.4,,-1.6,
120.0,3.1,3.1,,,,,1004.9,-0.7,,-9.3,,-0.8,
190.0,1.0,1.5,,,,,1005.7,-0.6,,-8.0,,-0.0,
270.0,3.1,3.1,,,,,1006.0,-0.6,,-8.7,,0.8,
280.0,3.6,4.1,,,,,1006.2,-1.4,,-5.4,,1.3,
270.0,3.1,3.6,,,,,1005.7,-1.6,,-4.6,,0.0,
270.0,4.6,5.1,,,,,1005.8,-1.5,,-4.4,,0.0,
270.0,3.6,4.1,,,,,1005.7,-1.1,,-4.0,,-0.5,
280.0,4.6,5.1,,,,,1005.8,-0.4,,-3.8,,0.0,
290.0,5.1,5.7,,,,,1005.7,0.0,,-4.2,,0.0,
280.0,4.6,5.1,,,,,1005.5,0.0,,-4.3,,0.0,
300.0,5.7,6.2,,,,,1005.4,0.4,,-4.7,,-0.4,
310.0,10.8,12.4,,,,,1006.2,-0.8,,-3.8,,0.5,
310.0,18.0,20.6,,,,,1007.7,-2.4,,,,2.2,
320.0,14.4,18.5,,,,,1009.6,-4.3,,,,4.2,
320.0,17.0,23.2,,,,,1010.8,-5.1,,,,4.6,
310.0,15.4,20.1,,,,,1011.8,-5.7,,,,4.1,
320.0,19.6,23.7,,,,,1013.1,-6.6,,,,3.5,
320.0,15.4,18.5,,,,,1014.7,-6.9,,,,3.9,
320.0,17.0,20.1,,,,,1015.8,-7.7,,,,4.0,
320.0,15.4,18.5,,,,,1015.6,-7.4,,,,2.5,
300.0,14.4,17.5,,,,,1015.1,-7.3,,,,0.4,
310.0,16.0,19.0,,,,,1015.9,-7.1,,,,-0.0,
310.0,14.9,18.0,,,,,1016.6,-6.6,,,,1.0,
320.0,14.9,16.5,,,,,1017.2,-6.4,,,,2.1,
310.0,15.4,17.5,,,,,1018.3,-6.3,,-17.3,,2.4,
320.0,14.9,17.0,,,,,1019.9,-6.9,,-18.4,,3.3,
320.0,14.4,17.0,,,,,1021.2,-7.0,,-18.1,,4.0,
320.0,12.4,16.0,,,,,1021.8,-7.2,,-18.6,,3.5,
320.0,11.8,13.9,,,,,1022.3,-7.3,,-18.0,,2.4,
330.0,10.3,12.4,,,,,1023.0,-7.7,,-19.2,,1.8,
330.0,10.3,12.4,,,,,1023.5,-7.9,,-18.1,,1.7,
330.0,9.3,12.4,,,,,1024.1,-8.0,,-17.1,,1.8,
320.0,9.8,10.3,,,,,1024.3,-8.4,,-17.8,,1.3,
310.0,9.3,11.3,,,,,1024.8,-8.4,,-17.2,,1.3,
320.0,8.8,10.8,,,,,1024.9,-8.8,,-17.8,,0.8,
320.0,8.2,9.8,,,,,1025.2,-9.1,,-17.7,,0.9,
310.0,8.2,9.8,,,,,1025.7,-9.2,,-17.4,,0.9,
310.0,8.2,9.8,,,,,1026.7,-9.4,,-17.8,,1.8,
